<?xml version="1.0" encoding="UTF-8"?>

<!-- 
 * security.xml
 *
 * Copyright (C) 2017 Universidad de Sevilla
 * 
 * The use of this project is hereby constrained to the conditions of the 
 * TDG Licence, a copy of which you may download from 
 * http://www.tdg-seville.info/License.html
 -->

<beans xmlns="http://www.springframework.org/schema/beans"
	xmlns:xsi="http://www.w3.org/2001/XMLSchema-instance" xmlns:security="http://www.springframework.org/schema/security"	
	xsi:schemaLocation="
		http://www.springframework.org/schema/beans http://www.springframework.org/schema/beans/spring-beans-4.0.xsd		
        http://www.springframework.org/schema/security http://www.springframework.org/schema/security/spring-security-3.2.xsd
    ">

	<!-- Security infrastructure -->

	<bean id="loginService" class="security.LoginService" />

	<bean id="passwordEncoder"
		class="org.springframework.security.authentication.encoding.Md5PasswordEncoder" />

	<!-- Access control -->

	<security:http auto-config="true" use-expressions="true">
		<security:intercept-url pattern="/" access="permitAll" /> 

		<security:intercept-url pattern="/favicon.ico" access="permitAll" /> 
		<security:intercept-url pattern="/images/**" access="permitAll" /> 
		<security:intercept-url pattern="/scripts/**" access="permitAll" /> 
		<security:intercept-url pattern="/styles/**" access="permitAll" /> 

		<security:intercept-url pattern="/views/misc/index.jsp" access="permitAll" /> 

		<security:intercept-url pattern="/security/login.do" access="permitAll" /> 
		<security:intercept-url pattern="/security/loginFailure.do" access="permitAll" /> 

		<security:intercept-url pattern="/welcome/index.do" access="permitAll" /> 

		<security:intercept-url pattern="/user/register.do" access="isAnonymous()" /> 
		<security:intercept-url pattern="/customer/register.do" access="isAnonymous()" /> 
		<security:intercept-url pattern="/agent/register.do" access="isAnonymous()" /> 

	
		<!-- Chirp -->
		<security:intercept-url pattern="/chirp/user/create.do" access = "hasRole('USER')"/>
		<security:intercept-url pattern="/chirp/user/followingChirps.do" access = "hasRole('USER')"/>
		<security:intercept-url pattern="/chirp/user/list.do" access = "hasRole('USER')"/>
		
		<!-- Customer -->
		<security:intercept-url pattern="/customer/customer/editProfile.do" access = "hasRole('CUSTOMER')"/>
		<security:intercept-url pattern="/customer/customer/displayProfile.do" access = "hasRole('CUSTOMER')"/>
		
		<!-- Agent -->
		<security:intercept-url pattern="/agent/agent/editProfile.do" access = "hasRole('AGENT')"/>
		<security:intercept-url pattern="/agent/agent/displayProfile.do" access = "hasRole('AGENT')"/>
		
		<!-- Admin -->
		<security:intercept-url pattern="/admin/admin/editProfile.do" access = "hasRole('ADMIN')"/>
		<security:intercept-url pattern="/admin/admin/displayProfile.do" access = "hasRole('ADMIN')"/>
		<!-- Newspaper -->
		<security:intercept-url pattern="/newspaper/list.do" access="permitAll" /> 
		<security:intercept-url pattern="/newspaper/display.do" access="permitAll" /> 
		<security:intercept-url pattern="/newspaper/customer/list.do" access="hasRole('CUSTOMER')" /> 
		<security:intercept-url pattern="/newspaper/customer/display.do" access="hasRole('CUSTOMER')" /> 
		<security:intercept-url pattern="/newspaper/user/list.do" access="hasRole('USER')" /> 
		<security:intercept-url pattern="/newspaper/user/display.do" access="hasRole('USER')" /> 
		<security:intercept-url pattern="/newspaper/user/create.do" access="hasRole('USER')" /> 
		<security:intercept-url pattern="/newspaper/user/edit.do" access="hasRole('USER')" /> 
		<security:intercept-url pattern="/newspaper/user/publish.do" access="hasRole('USER')" /> 
		<security:intercept-url pattern="/newspaper/user/private.do" access="hasRole('USER')" /> 
		<security:intercept-url pattern="/newspaper/admin/list.do" access="hasRole('ADMIN')" /> 
		<security:intercept-url pattern="/newspaper/admin/display.do" access="hasRole('ADMIN')" /> 
		<security:intercept-url pattern="/newspaper/admin/delete.do" access="hasRole('ADMIN')" /> 
		
		
		
		<!-- Customisation -->
		<security:intercept-url pattern="/customisation/admin/display.do" access="hasRole('ADMIN')" /> 
		<security:intercept-url pattern="/customisation/admin/edit.do" access="hasRole('ADMIN')" /> 
		
		<!-- Admin -->
		<security:intercept-url pattern="/admin/admin/listArticles.do" access="hasRole('ADMIN')" />
		<security:intercept-url pattern="/admin/admin/listNewspapers.do" access="hasRole('ADMIN')" />
		<security:intercept-url pattern="/admin/admin/listChirps.do" access="hasRole('ADMIN')" />
		<security:intercept-url pattern="/admin/admin/listAdverts.do" access="hasRole('ADMIN')" />
		<security:intercept-url pattern="/admin/admin/delete.do" access="hasRole('ADMIN')" />
		<security:intercept-url pattern="/admin/admin/deleteAdvert.do" access="hasRole('ADMIN')" />

		<security:intercept-url pattern="/dashboard/admin/display.do" access="hasRole('ADMIN')" /> 
		
		<!-- User -->
		<security:intercept-url pattern="/user/user/follow.do" access = "hasRole('USER')"/>
		<security:intercept-url pattern="/user/user/unfollow.do" access = "hasRole('USER')"/>
		<security:intercept-url pattern="/user/user/displayUserProfile.do" access = "hasRole('USER')"/>
		<security:intercept-url pattern="/user/user/editProfile.do" access = "hasRole('USER')"/>
		<security:intercept-url pattern="/user/user/followingList.do" access = "hasRole('USER')"/>
		<security:intercept-url pattern="/user/user/followersList.do" access = "hasRole('USER')"/>
		<security:intercept-url pattern="/user/list.do" access="permitAll" /> 
		<security:intercept-url pattern="/user/user/list.do" access="hasRole('USER')" /> 
		<security:intercept-url pattern="/user/display.do" access="permitAll" /> 
		<security:intercept-url pattern="/user/user/display.do" access="hasRole('USER')" /> 
		<security:intercept-url pattern="/user/customer/display.do" access="hasRole('CUSTOMER')" /> 
		
		<!-- article -->
		<security:intercept-url pattern="/article/display.do" access="permitAll" /> 
		<security:intercept-url pattern="/article/list.do" access="permitAll" /> 
		<security:intercept-url pattern="/article/user/list.do" access="hasRole('USER')" /> 
		<security:intercept-url pattern="/article/user/display.do" access="hasRole('USER')" /> 
		<security:intercept-url pattern="/article/user/edit.do" access="hasRole('USER')" /> 
		<security:intercept-url pattern="/article/user/create.do" access="hasRole('USER')" /> 
		<security:intercept-url pattern="/article/customer/list.do" access="hasRole('CUSTOMER')" /> 
		<security:intercept-url pattern="/article/customer/display.do" access="hasRole('CUSTOMER')" /> 
		<security:intercept-url pattern="/article/admin/list.do" access="hasRole('ADMIN')" /> 
		<security:intercept-url pattern="/article/admin/display.do" access="hasRole('ADMIN')" /> 
		<security:intercept-url pattern="/article/admin/delete.do" access="hasRole('ADMIN')" /> 
		
		<!-- Subscription -->
		<security:intercept-url pattern="/subscription/customer/create.do" access="hasRole('CUSTOMER')" /> 
		<security:intercept-url pattern="/subscription/customer/edit.do" access="hasRole('CUSTOMER')" /> 
			<security:intercept-url pattern="/subscription/customer/createVolume.do" access="hasRole('CUSTOMER')" /> 
		<security:intercept-url pattern="/subscription/customer/editVolume.do" access="hasRole('CUSTOMER')" /> 
		
		<!-- Follow up -->
		<security:intercept-url pattern="/followUp/user/list.do" access="hasRole('USER')" /> 
		<security:intercept-url pattern="/followUp/user/create.do" access="hasRole('USER')" />
		<security:intercept-url pattern="/followUp/display.do" access="permitAll" /> 
		<!-- Folder -->
		<security:intercept-url pattern="/folder/actor/**" access="isAuthenticated()" /> 
		<!-- Message -->
		<security:intercept-url pattern="/message/actor/**" access="isAuthenticated()" /> 
		<security:intercept-url pattern="/message/admin/**" access="hasRole('ADMIN')" /> 
		
		<!-- Volume -->
		<security:intercept-url pattern="/volume/list.do" access="permitAll" /> 
		<security:intercept-url pattern="/volume/display.do" access="permitAll" /> 
		<security:intercept-url pattern="/volume/user/create.do" access="hasRole('USER')" /> 
		<security:intercept-url pattern="/volume/user/edit.do" access="hasRole('USER')" /> 
		<security:intercept-url pattern="/volume/user/display.do" access="hasRole('USER')" /> 
		<security:intercept-url pattern="/volume/customer/list.do" access="hasRole('CUSTOMER')" /> 
		<security:intercept-url pattern="/volume/customer/display.do" access="hasRole('CUSTOMER')" /> 
		
		<!-- Advertisement -->
		<security:intercept-url pattern="/advertisement/agent/**" access="hasRole('AGENT')" />
		
		<!-- ControlCheckAudit -->
		<security:intercept-url pattern="/cust/admin/**" access="hasRole('ADMIN')" /> 
		<security:intercept-url pattern="/cust/display.do" access="isAuthenticated()" /> 
		
		<security:intercept-url pattern="/**" access="hasRole('NONE')" />

		<security:form-login 
			login-page="/security/login.do"
			password-parameter="password" 
			username-parameter="username"
			authentication-failure-url="/security/loginFailure.do" />

		<security:logout 
			logout-success-url="/" 
			invalidate-session="true" />
	</security:http>

</beans>